{
	"IcoMoonType": "selection",
	"icons": [
		{
			"icon": {
				"paths": [
					"M384 288c0-88.366 71.634-160 160-160s160 71.634 160 160c0 88.366-71.634 160-160 160s-160-71.634-160-160zM0 288c0-88.366 71.634-160 160-160s160 71.634 160 160c0 88.366-71.634 160-160 160s-160-71.634-160-160zM768 608v-96c0-35.2-28.8-64-64-64h-640c-35.2 0-64 28.8-64 64v320c0 35.2 28.8 64 64 64h640c35.2 0 64-28.8 64-64v-96l256 160v-448l-256 160zM640 768h-512v-192h512v192z"
				],
				"attrs": [],
				"tags": [
					"video-camera",
					"video",
					"media",
					"film",
					"movie"
				],
				"defaultCode": 57419,
				"grid": 16
			},
			"attrs": [],
			"properties": {
				"id": 129,
				"order": 1,
				"prevSize": 32,
				"code": 59668,
				"ligatures": "video-camera, video3",
				"name": "video-camera"
			},
			"setIdx": 0,
			"iconIdx": 0
		},
		{
			"icon": {
				"paths": [
					"M304 608c0 114.876 93.124 208 208 208s208-93.124 208-208-93.124-208-208-208-208 93.124-208 208zM960 256h-224c-16-64-32-128-96-128h-256c-64 0-80 64-96 128h-224c-35.2 0-64 28.8-64 64v576c0 35.2 28.8 64 64 64h896c35.2 0 64-28.8 64-64v-576c0-35.2-28.8-64-64-64zM512 892c-156.85 0-284-127.148-284-284 0-156.85 127.15-284 284-284 156.852 0 284 127.15 284 284 0 156.852-127.146 284-284 284zM960 448h-128v-64h128v64z"
				],
				"attrs": [],
				"tags": [
					"camera",
					"photo",
					"picture",
					"image"
				],
				"defaultCode": 57398,
				"grid": 16
			},
			"attrs": [],
			"properties": {
				"id": 108,
				"order": 2,
				"prevSize": 32,
				"code": 59663,
				"ligatures": "camera, photo",
				"name": "camera"
			},
			"setIdx": 0,
			"iconIdx": 1
		},
		{
			"icon": {
				"paths": [
					"M0 64v640h1024v-640h-1024zM960 640h-896v-512h896v512zM672 768h-320l-32 128-64 64h512l-64-64z"
				],
				"attrs": [],
				"tags": [
					"display",
					"screen",
					"monitor",
					"computer",
					"desktop",
					"pc"
				],
				"defaultCode": 57632,
				"grid": 16
			},
			"attrs": [],
			"properties": {
				"id": 353,
				"order": 3,
				"prevSize": 32,
				"code": 59734,
				"ligatures": "display, screen",
				"name": "display"
			},
			"setIdx": 0,
			"iconIdx": 2
		},
		{
			"icon": {
				"paths": [
					"M1009.996 828.976l-301.544-301.544c-18.668-18.668-49.214-18.668-67.882 0l-22.626 22.626-184-184 302.056-302.058h-320l-142.058 142.058-14.060-14.058h-67.882v67.882l14.058 14.058-206.058 206.060 160 160 206.058-206.058 184 184-22.626 22.626c-18.668 18.668-18.668 49.214 0 67.882l301.544 301.544c18.668 18.668 49.214 18.668 67.882 0l113.136-113.136c18.67-18.666 18.67-49.214 0.002-67.882z"
				],
				"attrs": [],
				"tags": [
					"hammer",
					"tool",
					"fix",
					"make",
					"generate",
					"work",
					"build"
				],
				"defaultCode": 57832,
				"grid": 16
			},
			"attrs": [],
			"properties": {
				"id": 578,
				"order": 4,
				"prevSize": 32,
				"code": 59798,
				"ligatures": "hammer, tool2",
				"name": "hammer"
			},
			"setIdx": 0,
			"iconIdx": 3
		},
		{
			"icon": {
				"paths": [
					"M1002.934 817.876l-460.552-394.76c21.448-40.298 33.618-86.282 33.618-135.116 0-159.058-128.942-288-288-288-29.094 0-57.172 4.332-83.646 12.354l166.39 166.39c24.89 24.89 24.89 65.62 0 90.51l-101.49 101.49c-24.89 24.89-65.62 24.89-90.51 0l-166.39-166.39c-8.022 26.474-12.354 54.552-12.354 83.646 0 159.058 128.942 288 288 288 48.834 0 94.818-12.17 135.116-33.62l394.76 460.552c22.908 26.724 62.016 28.226 86.904 3.338l101.492-101.492c24.888-24.888 23.386-63.994-3.338-86.902z"
				],
				"attrs": [],
				"tags": [
					"wrench",
					"tool",
					"fix",
					"settings",
					"control",
					"options",
					"preferences"
				],
				"defaultCode": 57815,
				"grid": 16
			},
			"attrs": [],
			"properties": {
				"id": 561,
				"order": 5,
				"prevSize": 32,
				"code": 59793,
				"ligatures": "wrench, tool",
				"name": "wrench"
			},
			"setIdx": 0,
			"iconIdx": 4
		}
	],
	"height": 1024,
	"metadata": {
		"name": "icomoon"
	},
	"preferences": {
		"showGlyphs": true,
		"showQuickUse": true,
		"showQuickUse2": true,
		"showSVGs": true,
		"fontPref": {
			"prefix": "icon-",
			"metadata": {
				"fontFamily": "icomoon"
			},
			"metrics": {
				"emSize": 1024,
				"baseline": 6.25,
				"whitespace": 50
			}
		},
		"imagePref": {
			"prefix": "icon-",
			"png": true,
			"useClassSelector": true,
			"color": 4473924,
			"bgColor": 16777215
		},
		"historySize": 100,
		"showCodes": true,
		"gridSize": 16
	}
}